<?xml version='1.0' encoding='utf-8' ?>
<!-- C++Builder XML Project -->
<PROJECT>
  <MACROS>
    <VERSION value="BCB.06.00"/>
    <PROJECT value="TapRci.exe"/>
    <OBJFILES value="Objs\TapRci.obj Objs\AboutDlg.obj Objs\BitResultsFram.obj 
      Objs\ChanStatFram.obj Objs\DebugUtils.obj Objs\Ethernet.obj 
      Objs\EthernetInterfaceStatusFram.obj Objs\EthernetIntOptionsFram.obj 
      Objs\EXPANDABLEDLG.obj Objs\GEOFMTPF.obj Objs\geofrmt.obj Objs\Gpib.obj 
      Objs\GpibInterfaceStatusFram.obj Objs\GpibIntOptionsFram.obj 
      Objs\GpibTimeout.obj Objs\gpstime.obj Objs\InMsg.obj Objs\Interface.obj 
      Objs\InterfaceAcceptFram.obj Objs\InterruptCheck.obj Objs\MsgListFram.obj 
      Objs\OperationErrorFrm.obj Objs\OutMsg.obj Objs\PowerCalIni.obj 
      Objs\PowerDispFrm.obj Objs\RciControl.obj Objs\RciMsgs.obj 
      Objs\Schedule.obj Objs\SerialIntOptionsFram.obj Objs\TapMsecPf.obj 
      Objs\TapMsecRci.obj Objs\TapMsecStatFram.obj Objs\TapRciFrm.obj 
      Objs\TapRciPf.obj Objs\TpMapInterface.obj Objs\Utilities.obj 
      Objs\VerifyOperationFrm.obj Objs\VoyDefPf.obj"/>
    <RESFILES value="TapRci.res"/>
    <IDLFILES value=""/>
    <IDLGENFILES value=""/>
    <DEFFILE value=""/>
    <RESDEPEN value="$(RESFILES) BitResultsFram.dfm ChanStatFram.dfm 
      EthernetInterfaceStatusFram.dfm EthernetIntOptionsFram.dfm 
      EXPANDABLEDLG.dfm GpibInterfaceStatusFram.dfm GpibIntOptionsFram.dfm 
      InterfaceAcceptFram.dfm MsgListFram.dfm OperationErrorFrm.dfm 
      PowerDispFrm.dfm SerialIntOptionsFram.dfm TapMsecStatFram.dfm 
      TapRciFrm.dfm VerifyOperationFrm.dfm"/>
    <LIBFILES value=""/>
    <LIBRARIES value="TeeUI7C6.lib TeePro7C6.lib Tee7C6.lib cxExportVCLC6.lib cxGridVCLC6.lib 
      cxDataC6.lib cxEditorsVCLC6.lib cxPageControlVCLC6.lib dxDockingC6.lib 
      dxLayoutControlC6.lib dxThemeC6.lib cxLibraryVCLC6.lib gigasoft.lib 
      Rz30Ctls60.lib o405_r61.lib vcldbx.lib CSP20I60.lib bdertl.lib dbrtl.lib 
      vcldb.lib K102_R61.lib vclx.lib S402_r61.lib rtl.lib vcl.lib"/>
    <SPARELIBS value="vcl.lib rtl.lib S402_r61.lib vclx.lib K102_R61.lib vcldb.lib dbrtl.lib 
      bdertl.lib CSP20I60.lib vcldbx.lib o405_r61.lib Rz30Ctls60.lib 
      gigasoft.lib cxLibraryVCLC6.lib dxThemeC6.lib dxLayoutControlC6.lib 
      dxDockingC6.lib cxPageControlVCLC6.lib cxEditorsVCLC6.lib cxDataC6.lib 
      cxGridVCLC6.lib cxExportVCLC6.lib Tee7C6.lib TeePro7C6.lib TeeUI7C6.lib"/>
    <PACKAGES value="vcl.bpi rtl.bpi vclx.bpi bcbsmp.bpi dbrtl.bpi adortl.bpi vcldb.bpi 
      bdertl.bpi vcldbx.bpi dsnap.bpi cds.bpi bdecds.bpi ibxpress.bpi vclie.bpi 
      xmlrtl.bpi inet.bpi inetdbbde.bpi inetdbxpress.bpi inetdb.bpi nmfast.bpi 
      bcbie.bpi soaprtl.bpi dbexpress.bpi dbxcds.bpi bcb2kaxserver.bpi 
      dxComnC6.bpi dxLayoutControlC6.bpi cxLibraryVCLC6.bpi dxPSCorec6.bpi 
      dxPSTLLnkC6.bpi dxEdtrC6.bpi EQTLC6.bpi dxThemeC6.bpi cxEditorsVCLC6.bpi 
      cxDataC6.bpi cxGridVCLC6.bpi dxPScxGridLnkc6.bpi"/>
    <LIBRARIES value="S402_r61.lib CSP20I60.lib Rz30Ctls60.lib vclx.lib K102_R61.lib 
      o405_r61.lib rtl.lib vcl.lib"/>
    <SPARELIBS value="vcl.lib rtl.lib o405_r61.lib K102_R61.lib vclx.lib Rz30Ctls60.lib 
      CSP20I60.lib S402_r61.lib"/>
    <PACKAGES value="vcl.bpi rtl.bpi dbrtl.bpi vcldb.bpi vclx.bpi bdertl.bpi vcldbx.bpi 
      dsnap.bpi cds.bpi qrpt.bpi dsnapcrba.bpi dsnapcon.bpi vclie.bpi xmlrtl.bpi 
      inet.bpi inetdbbde.bpi inetdbxpress.bpi inetdb.bpi webdsnap.bpi 
      websnap.bpi soaprtl.bpi TeeDB.bpi Tee.bpi TeeUI.bpi TeePro.bpi 
      TeeLanguage.bpi TeeQR.bpi TeeImage.bpi TeeGL.bpi S402_r61.bpi K102_R61.bpi 
      adortl.bpi VclSmp.bpi"/>
    <PATHCPP value=".;"/>
    <PATHPAS value=".;"/>
    <PATHRC value=".;"/>
    <PATHASM value=".;"/>
    <DEBUGLIBPATH value="$(BCB)\lib\debug"/>
    <RELEASELIBPATH value="$(BCB)\lib\release"/>
    <LINKER value="ilink32"/>
    <USERDEFINES value="_DEBUG;NO_WIN32_LEAN_AND_MEAN;"/>
    <SYSDEFINES value="NO_STRICT"/>
    <MAINSOURCE value="TapRci.cpp"/>
    <INCLUDEPATH value="$(TeeChartInc);$(OrpheusInc);$(ShellShockInc);$(SysToolsInc);$(RaizeInc);$(CodeSiteInc);$(BCB)\include;$(BCB)\include\vcl;(ShellPlusInc);$(IndyInc)"/>
    <LIBPATH value="$(TeeChartLib);$(BCB)\Projects\Lib;$(OrpheusLib);$(ShellShockLib);$(SysToolsLib);$(CodeSiteLib);$(RaizeLib);$(BCB)\lib\obj;$(BCB)\lib;$(ShellPlusLib);$(IndyLib)"/>
    <WARNINGS value="-w-par"/>
    <OTHERFILES value=""/>
  </MACROS>
  <OPTIONS>
    <IDLCFLAGS value="-I$(TeeChartInc) -I$(OrpheusInc) -I$(ShellShockInc) -I$(SysToolsInc) 
      -I$(RaizeInc) -I$(CodeSiteInc) -I$(BCB)\include -I$(BCB)\include\vcl 
      -I(ShellPlusInc) -I$(IndyInc) -src_suffix cpp -D_DEBUG 
      -DNO_WIN32_LEAN_AND_MEAN -boa"/>
    <CFLAG1 value="-Od -H=TapRci.csm -Hc -Vx -Ve -X- -r- -a8 -b -k -y -v -vi- -c -tW -tWM"/>
    <PFLAGS value="-N2Objs -N0Objs -$YD -$W -$O- -$A8 -v -JPHNE -M"/>
    <RFLAGS value=""/>
    <AFLAGS value="/mx /w2 /zd"/>
    <LFLAGS value="-IObjs -D&quot;&quot; -aa -Tpe -GD -s -Gn -v"/>
    <OTHERFILES value=""/>
  </OPTIONS>
  <LINKER>
    <ALLOBJ value="c0w32.obj sysinit.obj $(OBJFILES)"/>
    <ALLRES value="$(RESFILES)"/>
    <ALLLIB value="$(LIBFILES) $(LIBRARIES) import32.lib cp32mt.lib"/>
    <OTHERFILES value=""/>
  </LINKER>
  <FILELIST>
      <FILE FILENAME="TapRci.res" FORMNAME="" UNITNAME="TapRci.res" CONTAINERID="ResTool" DESIGNCLASS="" LOCALCOMMAND=""/>
      <FILE FILENAME="TapRci.cpp" FORMNAME="" UNITNAME="TapRci" CONTAINERID="CCompiler" DESIGNCLASS="" LOCALCOMMAND=""/>
      <FILE FILENAME="TapRci.cpp" FORMNAME="" UNITNAME="TapRci" CONTAINERID="CCompiler" DESIGNCLASS="" LOCALCOMMAND=""/>
      <FILE FILENAME="AboutDlg.cpp" FORMNAME="" UNITNAME="AboutDlg" CONTAINERID="CCompiler" DESIGNCLASS="" LOCALCOMMAND=""/>
      <FILE FILENAME="BitResultsFram.cpp" FORMNAME="BitResultsFrame" UNITNAME="BitResultsFram" CONTAINERID="CCompiler" DESIGNCLASS="TFrame" LOCALCOMMAND=""/>
      <FILE FILENAME="ChanStatFram.cpp" FORMNAME="ChanStatFrame" UNITNAME="ChanStatFram" CONTAINERID="CCompiler" DESIGNCLASS="TFrame" LOCALCOMMAND=""/>
      <FILE FILENAME="DebugUtils.cpp" FORMNAME="" UNITNAME="DebugUtils.cpp" CONTAINERID="CCompiler" DESIGNCLASS="" LOCALCOMMAND=""/>
      <FILE FILENAME="Ethernet.cpp" FORMNAME="" UNITNAME="Ethernet.cpp" CONTAINERID="CCompiler" DESIGNCLASS="" LOCALCOMMAND=""/>
      <FILE FILENAME="EthernetInterfaceStatusFram.cpp" FORMNAME="EthernetInterfaceStatusFrame" UNITNAME="EthernetInterfaceStatusFram" CONTAINERID="CCompiler" DESIGNCLASS="TFrame" LOCALCOMMAND=""/>
      <FILE FILENAME="EthernetIntOptionsFram.cpp" FORMNAME="EthernetIntOptionsFrame" UNITNAME="EthernetIntOptionsFram" CONTAINERID="CCompiler" DESIGNCLASS="TFrame" LOCALCOMMAND=""/>
      <FILE FILENAME="EXPANDABLEDLG.cpp" FORMNAME="ExpandableDialog" UNITNAME="EXPANDABLEDLG" CONTAINERID="CCompiler" DESIGNCLASS="" LOCALCOMMAND=""/>
      <FILE FILENAME="GEOFMTPF.cpp" FORMNAME="" UNITNAME="GEOFMTPF.cpp" CONTAINERID="CCompiler" DESIGNCLASS="" LOCALCOMMAND=""/>
      <FILE FILENAME="geofrmt.cpp" FORMNAME="" UNITNAME="geofrmt.cpp" CONTAINERID="CCompiler" DESIGNCLASS="" LOCALCOMMAND=""/>
      <FILE FILENAME="Gpib.cpp" FORMNAME="" UNITNAME="Gpib.cpp" CONTAINERID="CCompiler" DESIGNCLASS="" LOCALCOMMAND=""/>
      <FILE FILENAME="GpibInterfaceStatusFram.cpp" FORMNAME="GpibInterfaceStatusFrame" UNITNAME="GpibInterfaceStatusFram" CONTAINERID="CCompiler" DESIGNCLASS="TFrame" LOCALCOMMAND=""/>
      <FILE FILENAME="GpibIntOptionsFram.cpp" FORMNAME="GpibIntOptionsFrame" UNITNAME="GpibIntOptionsFram" CONTAINERID="CCompiler" DESIGNCLASS="TFrame" LOCALCOMMAND=""/>
      <FILE FILENAME="GpibTimeout.cpp" FORMNAME="" UNITNAME="GpibTimeout.cpp" CONTAINERID="CCompiler" DESIGNCLASS="" LOCALCOMMAND=""/>
      <FILE FILENAME="gpstime.cpp" FORMNAME="" UNITNAME="gpstime.cpp" CONTAINERID="CCompiler" DESIGNCLASS="" LOCALCOMMAND=""/>
      <FILE FILENAME="InMsg.cpp" FORMNAME="" UNITNAME="InMsg.cpp" CONTAINERID="CCompiler" DESIGNCLASS="" LOCALCOMMAND=""/>
      <FILE FILENAME="Interface.cpp" FORMNAME="" UNITNAME="Interface.cpp" CONTAINERID="CCompiler" DESIGNCLASS="" LOCALCOMMAND=""/>
      <FILE FILENAME="InterfaceAcceptFram.cpp" FORMNAME="InterfaceAcceptFrame" UNITNAME="InterfaceAcceptFram" CONTAINERID="CCompiler" DESIGNCLASS="TFrame" LOCALCOMMAND=""/>
      <FILE FILENAME="InterruptCheck.cpp" FORMNAME="" UNITNAME="InterruptCheck.cpp" CONTAINERID="CCompiler" DESIGNCLASS="" LOCALCOMMAND=""/>
      <FILE FILENAME="MsgListFram.cpp" FORMNAME="MsgListFrame" UNITNAME="MsgListFram" CONTAINERID="CCompiler" DESIGNCLASS="TFrame" LOCALCOMMAND=""/>
      <FILE FILENAME="OperationErrorFrm.cpp" FORMNAME="OperationErrorForm" UNITNAME="OperationErrorFrm" CONTAINERID="CCompiler" DESIGNCLASS="" LOCALCOMMAND=""/>
      <FILE FILENAME="OutMsg.cpp" FORMNAME="" UNITNAME="OutMsg.cpp" CONTAINERID="CCompiler" DESIGNCLASS="" LOCALCOMMAND=""/>
      <FILE FILENAME="PowerCalIni.cpp" FORMNAME="" UNITNAME="PowerCalIni.cpp" CONTAINERID="CCompiler" DESIGNCLASS="" LOCALCOMMAND=""/>
      <FILE FILENAME="PowerDispFrm.cpp" FORMNAME="PowerDispForm" UNITNAME="PowerDispFrm" CONTAINERID="CCompiler" DESIGNCLASS="" LOCALCOMMAND=""/>
      <FILE FILENAME="RciControl.cpp" FORMNAME="" UNITNAME="RciControl.cpp" CONTAINERID="CCompiler" DESIGNCLASS="" LOCALCOMMAND=""/>
      <FILE FILENAME="RciMsgs.cpp" FORMNAME="" UNITNAME="RciMsgs.cpp" CONTAINERID="CCompiler" DESIGNCLASS="" LOCALCOMMAND=""/>
      <FILE FILENAME="Schedule.cpp" FORMNAME="" UNITNAME="Schedule.cpp" CONTAINERID="CCompiler" DESIGNCLASS="" LOCALCOMMAND=""/>
      <FILE FILENAME="SerialIntOptionsFram.cpp" FORMNAME="SerialIntOptionsFrame" UNITNAME="SerialIntOptionsFram" CONTAINERID="CCompiler" DESIGNCLASS="TFrame" LOCALCOMMAND=""/>
      <FILE FILENAME="TapMsecPf.cpp" FORMNAME="" UNITNAME="TapMsecPf.cpp" CONTAINERID="CCompiler" DESIGNCLASS="" LOCALCOMMAND=""/>
      <FILE FILENAME="TapMsecRci.cpp" FORMNAME="" UNITNAME="TapMsecRci.cpp" CONTAINERID="CCompiler" DESIGNCLASS="" LOCALCOMMAND=""/>
      <FILE FILENAME="TapMsecStatFram.cpp" FORMNAME="TapMsecStatFrame" UNITNAME="TapMsecStatFram" CONTAINERID="CCompiler" DESIGNCLASS="TFrame" LOCALCOMMAND=""/>
      <FILE FILENAME="TapRciFrm.cpp" FORMNAME="TapRciForm" UNITNAME="TapRciFrm" CONTAINERID="CCompiler" DESIGNCLASS="" LOCALCOMMAND=""/>
      <FILE FILENAME="TapRciPf.cpp" FORMNAME="" UNITNAME="TapRciPf.cpp" CONTAINERID="CCompiler" DESIGNCLASS="" LOCALCOMMAND=""/>
      <FILE FILENAME="TpMapInterface.cpp" FORMNAME="" UNITNAME="TpMapInterface.cpp" CONTAINERID="CCompiler" DESIGNCLASS="" LOCALCOMMAND=""/>
      <FILE FILENAME="Utilities.cpp" FORMNAME="" UNITNAME="Utilities.cpp" CONTAINERID="CCompiler" DESIGNCLASS="" LOCALCOMMAND=""/>
      <FILE FILENAME="VerifyOperationFrm.cpp" FORMNAME="VerifyOperationForm" UNITNAME="VerifyOperationFrm" CONTAINERID="CCompiler" DESIGNCLASS="" LOCALCOMMAND=""/>
      <FILE FILENAME="VoyDefPf.cpp" FORMNAME="" UNITNAME="VoyDefPf.cpp" CONTAINERID="CCompiler" DESIGNCLASS="" LOCALCOMMAND=""/>
  </FILELIST>
  <BUILDTOOLS>
  </BUILDTOOLS>

  <IDEOPTIONS>
[Version Info]
IncludeVerInfo=1
AutoIncBuild=1
MajorVer=2
MinorVer=6
Release=2
Build=6
Debug=0
PreRelease=0
Special=0
Private=0
DLL=0
Locale=1033
CodePage=1252

[Version Info Keys]
CompanyName=Navigation Laboratories
FileDescription=
FileVersion=2.6.2.6
InternalName=
LegalCopyright=
LegalTrademarks=
OriginalFilename=
ProductName=
ProductVersion=1.0.0.0
Comments=

[Excluded Packages]
c:\program files\borland\cbuilder6\Projects\Bpl\Vcwb6.bpl=TMS Instrumentation Workshop
c:\program files\borland\cbuilder6\Bin\dclclxdb60.bpl=Borland CLX Database Components
C:\Program Files\Borland\CBuilder6\Bin\dclclxstd60.bpl=Borland CLX Standard Components
C:\WINNT\System32\dclShXv2C6.bpl=Shell+ Components v2.1
c:\program files\borland\cbuilder6\Projects\Bpl\TMSC6.bpl=TMS Component Pack
C:\WINNT\System32\dclShXDbv2C6.bpl=Shell+ DB Components v2.1
C:\Program Files\Developer Express Inc\Lib\Lib\dxPSPrVwAdvC6.bpl=ExpressPrinting System Advanced PreviewWindow by Developer Express Inc.
C:\Program Files\Developer Express Inc\Lib\Lib\dxPSTLLnkC6.bpl=ExpressPrinting System ReportLink for ExpressQuantumTreeList by Developer Express Inc.
C:\Program Files\Developer Express Inc\Lib\Lib\dxPSdxDBTLLnkC6.bpl=ExpressPrinting System ReportLink for ExpressQuantumDBTreeList by Developer Express Inc.
C:\Program Files\Developer Express Inc\Lib\Lib\dxPSdxDBGrLnkC6.bpl=ExpressPrinting System ReportLink for ExpressQuantumGrid by Developer Express Inc.
C:\Program Files\Developer Express Inc\Lib\Lib\dxPSTeeChartC6.bpl=ExpressPrinting System ReportLink for TeeChart by Developer Express Inc.
C:\Program Files\Developer Express Inc\Lib\Lib\dxPSDBTeeChartC6.bpl=ExpressPrinting System ReportLink for DBTeeChart by Developer Express Inc.
C:\Program Files\Developer Express Inc\Lib\Lib\dxPSdxDBTVLnkC6.bpl=ExpressPrinting System ReportLink for ExpressDBTree by Developer Express Inc.
C:\Program Files\Developer Express Inc\Lib\Lib\dxPSdxInsLnkC6.bpl=ExpressPrinting System ReportLink for ExpressInspector by Developer Express Inc.
C:\Program Files\Developer Express Inc\Lib\Lib\dxPSdxOILnkC6.bpl=ExpressPrinting System ReportLink for ExpressRTTIInspector by Developer Express Inc.
C:\Program Files\Developer Express Inc\Lib\Lib\dxPSdxMVLnkC6.bpl=ExpressPrinting System ReportLink for ExpressMasterView by Developer Express Inc.
C:\Program Files\Developer Express Inc\Lib\Lib\dxPSdxOCLnkC6.bpl=ExpressPrinting System ReportLink for ExpressOrgChart by Developer Express Inc.
C:\Program Files\Developer Express Inc\Lib\Lib\dxPSdxDBOCLnkC6.bpl=ExpressPrinting System ReportLink for ExpressDBOrgChart by Developer Express Inc.
C:\Program Files\Developer Express Inc\Lib\Lib\dxPSdxFCLnkC6.bpl=ExpressPrinting System ReportLink for ExpressFlowChart by Developer Express Inc.
C:\Program Files\Developer Express Inc\Lib\Lib\dxPSdxLCLnkC6.bpl=ExpressPrinting System ReportLink for ExpressLayoutControl by Developer Express Inc.
C:\Program Files\Developer Express Inc\Lib\Lib\dxPScxSSLnkc6.bpl=ExpressPrinting System ReportLink for ExpressSpreadSheet by Developer Express Inc.
C:\Program Files\Developer Express Inc\Lib\Lib\dxPScxGridLnkc6.bpl=ExpressPrinting System ReportLink for ExpressQuantumGrid 4 by Developer Express Inc.
C:\Program Files\Developer Express Inc\Lib\Lib\dxPScxTLLnkC6.bpl=ExpressPrinting System ReportLink for ExpressQuantumTreeList 4 by Developer Express Inc.
C:\Program Files\Developer Express Inc\Lib\Lib\dxPScxPCProdC6.bpl=ExpressPrinting System ContainerProducer for ExpressPageControl 2 by Developer Express Inc.
C:\Program Files\Developer Express Inc\Lib\Lib\dxLayoutControldxEditAdaptersC6.bpl=ExpressLayoutControl Adapters for ExpressEditors Library by Developer Express Inc.

[HistoryLists\hlIncludePath]
Count=7
Item0=$(TeeChartInc);$(OrpheusInc);$(ShellShockInc);$(SysToolsInc);$(RaizeInc);$(CodeSiteInc);$(BCB)\include;$(BCB)\include\vcl;(ShellPlusInc);$(IndyInc)
Item1=C:\Program Files\EurekaLog 4\CBuilder6;$(TeeChartInc);$(OrpheusInc);$(ShellShockInc);$(SysToolsInc);$(RaizeInc);$(CodeSiteInc);$(BCB)\include;$(BCB)\include\vcl;(ShellPlusInc);$(IndyInc)
Item2=$(OrpheusInc);$(ShellShockInc);$(SysToolsInc);$(RaizeInc);$(CodeSiteInc);$(BCB)\include;$(BCB)\include\vcl;(ShellPlusInc);$(IndyInc)
Item3=C:\Program Files\EurekaLog 4\CBuilder6;$(OrpheusInc);$(ShellShockInc);$(SysToolsInc);$(RaizeInc);$(CodeSiteInc);$(BCB)\include;$(BCB)\include\vcl;(ShellPlusInc);$(IndyInc)
Item4=$(OrpheusInc);$(ShellShockInc);$(SysToolsInc);$(RaizeInc);$(CodeSiteInc);$(BCB)\include;$(BCB)\include\vcl;(ShellPlusInc)
Item5=$(OrpheusInc);$(ShellShockInc);$(SysToolsInc);$(RaizeInc);$(CodeSiteInc);$(BCB)\include;$(BCB)\include\vcl
Item6=..\..;Release\TapRci;$(BCB)\include;$(BCB)\include\vcl

[HistoryLists\hlLibraryPath]
Count=7
Item0=$(TeeChartLib);$(BCB)\Projects\Lib;$(OrpheusLib);$(ShellShockLib);$(SysToolsLib);$(CodeSiteLib);$(RaizeLib);$(BCB)\lib\obj;$(BCB)\lib;$(ShellPlusLib);$(IndyLib)
Item1=C:\Program Files\EurekaLog 4\CBuilder6;$(TeeChartLib);$(BCB)\Projects\Lib;$(OrpheusLib);$(ShellShockLib);$(SysToolsLib);$(CodeSiteLib);$(RaizeLib);$(BCB)\lib\obj;$(BCB)\lib;$(ShellPlusLib);$(IndyLib)
Item2=$(BCB)\Projects\Lib;$(OrpheusLib);$(ShellShockLib);$(SysToolsLib);$(CodeSiteLib);$(RaizeLib);$(BCB)\lib\obj;$(BCB)\lib;$(ShellPlusLib);$(IndyLib)
Item3=C:\Program Files\EurekaLog 4\CBuilder6;$(BCB)\Projects\Lib;$(OrpheusLib);$(ShellShockLib);$(SysToolsLib);$(CodeSiteLib);$(RaizeLib);$(BCB)\lib\obj;$(BCB)\lib;$(ShellPlusLib);$(IndyLib)
Item4=$(BCB)\Projects\Lib;$(OrpheusLib);$(ShellShockLib);$(SysToolsLib);$(CodeSiteLib);$(RaizeLib);$(BCB)\lib\obj;$(BCB)\lib;$(ShellPlusLib)
Item5=$(BCB)\Projects\Lib;$(OrpheusLib);$(ShellShockLib);$(SysToolsLib);$(CodeSiteLib);$(RaizeLib);$(BCB)\lib\obj;$(BCB)\lib
Item6=C:\Program Files\Raize\CS2\LibBCB6;C:\Program Files\Raize\RC3\LibBCB6;$(BCB)\Projects\Lib;..\..;Release\TapRci;$(BCB)\lib\obj;$(BCB)\lib

[HistoryLists\hlDebugSourcePath]
Count=1
Item0=$(BCB)\source\vcl

[HistoryLists\hlConditionals]
Count=3
Item0=_DEBUG;NO_WIN32_LEAN_AND_MEAN;
Item1=_DEBUG;NO_WIN32_LEAN_AND_MEAN
Item2=_DEBUG

[HistoryLists\hlIntOutputDir]
Count=1
Item0=Objs

[Debugging]
DebugSourceDirs=$(BCB)\source\vcl

[Parameters]
RunParams=
Launcher=
UseLauncher=0
DebugCWD=
HostApplication=
RemoteHost=
RemotePath=
RemoteLauncher=
RemoteCWD=
RemoteDebug=0

[Compiler]
ShowInfoMsgs=0
LinkDebugVcl=0
LinkCGLIB=0

[CORBA]
AddServerUnit=1
AddClientUnit=1
PrecompiledHeaders=1

[Language]
ActiveLang=
ProjectLang=
RootDir=
  </IDEOPTIONS>
</PROJECT>
[Exception Log]
EurekaLog Version=423
Activate=1
Activate Handle=1
Save Log File=1
Foreground Tab=1
EurekaLogLook=0
Freeze Activate=0
Freeze Timeout=60
Freeze Message=The application seems to be frozen.
SMTP Host=
SMTP UserID=
SMTP Password=
Mute Mode=0
Append to Log=0
Show TerminateBtn=1
TerminateBtn Operation=1
Errors Number=32
Errors Terminate=3
Email Address=
Email Object=
Email Send Options=0
Email Send Confirm=2
Output Path=
Count=0
EMail Message Line Count=0
loSaveAllErrors=0
loNewLogForNewVersion=0
loNoDuplicateErrors=0
AppStartDate=1
AppName=1
AppVersionNumber=1
ExcDate=1
ExcAddress=1
ExcModule=1
ExcType=1
ExcMessage=1
ActCtlsFormClass=1
ActCtlsFormText=1
ActCtlsControlClass=1
ActCtlsControlText=1
CmpName=1
CmpTotalMemory=1
CmpFreeMemory=1
CmpTotalDisk=1
CmpFreeDisk=1
OSType=1
OSBuildN=1
OSLanguage=1
Count mtInformationMsgCaption=1
mtInformationMsgCaption0=Information.
Count mtQuestionMsgCaption=1
mtQuestionMsgCaption0=Question.
Count mtDialog_Caption=1
mtDialog_Caption0=Error.
Count mtDialog_ErrorMsgCaption=2
mtDialog_ErrorMsgCaption0=An error has occurred during program execution.
mtDialog_ErrorMsgCaption1=Please read the following information for further details.
Count mtDialog_GeneralCaption=1
mtDialog_GeneralCaption0=General
Count mtDialog_GeneralHeader=1
mtDialog_GeneralHeader0=General Information
Count mtDialog_DetailCaption=1
mtDialog_DetailCaption0=Details
Count mtDialog_DetailHeader=1
mtDialog_DetailHeader0=Detailed Information
Count mtDialog_OKButtonCaption=1
mtDialog_OKButtonCaption0=&OK
Count mtDialog_TerminateButtonCaption=1
mtDialog_TerminateButtonCaption0=&Terminate
Count mtDialog_RestartButtonCaption=1
mtDialog_RestartButtonCaption0=&Restart
Count mtDialog_DetailsButtonCaption=1
mtDialog_DetailsButtonCaption0=&Details
Count mtLog_AppHeader=1
mtLog_AppHeader0=Application
Count mtLog_AppStartDate=1
mtLog_AppStartDate0=Start Date
Count mtLog_AppName=1
mtLog_AppName0=Name/Description
Count mtLog_AppVersionNumber=1
mtLog_AppVersionNumber0=Version Number
Count mtLog_ExcHeader=1
mtLog_ExcHeader0=Exception
Count mtLog_ExcDate=1
mtLog_ExcDate0=Date
Count mtLog_ExcAddress=1
mtLog_ExcAddress0=Address
Count mtLog_ExcModule=1
mtLog_ExcModule0=Module
Count mtLog_ExcType=1
mtLog_ExcType0=Type
Count mtLog_ExcMessage=1
mtLog_ExcMessage0=Message
Count mtLog_ActCtrlsHeader=1
mtLog_ActCtrlsHeader0=Active Controls
Count mtLog_ActCtrlsFormClass=1
mtLog_ActCtrlsFormClass0=Form Class
Count mtLog_ActCtrlsFormText=1
mtLog_ActCtrlsFormText0=Form Text
Count mtLog_ActCtrlsControlClass=1
mtLog_ActCtrlsControlClass0=Control Class
Count mtLog_ActCtrlsControlText=1
mtLog_ActCtrlsControlText0=Control Text
Count mtLog_CmpHeader=1
mtLog_CmpHeader0=Computer
Count mtLog_CmpName=1
mtLog_CmpName0=Name
Count mtLog_CmpTotalMemory=1
mtLog_CmpTotalMemory0=Total Memory
Count mtLog_CmpFreeMemory=1
mtLog_CmpFreeMemory0=Free Memory
Count mtLog_CmpTotalDisk=1
mtLog_CmpTotalDisk0=Total Disk
Count mtLog_CmpFreeDisk=1
mtLog_CmpFreeDisk0=Free Disk
Count mtLog_OSHeader=1
mtLog_OSHeader0=Operating System
Count mtLog_OSType=1
mtLog_OSType0=Type
Count mtLog_OSBuildN=1
mtLog_OSBuildN0=Build #
Count mtLog_OSLanguage=1
mtLog_OSLanguage0=Language
Count mtModule_Address=1
mtModule_Address0=Address
Count mtModule_Name=1
mtModule_Name0=Module
Count mtModule_Unit=1
mtModule_Unit0=Unit
Count mtModule_Class=1
mtModule_Class0=Class
Count mtModule_Procedure=1
mtModule_Procedure0=Procedure/Method
Count mtModule_Line=1
mtModule_Line0=Line
Count mtEmail_ConfirmMsg=1
mtEmail_ConfirmMsg0=May I send an email with occurred error(s) to the author of the program ?
Count mtEmail_SendMsg=1
mtEmail_SendMsg0=I will now send an email with the error(s) that occurred to the author of the program.
